Timestamp,Safety State,Face Orientation,Left Hand Zone,Right Hand Zone,Hands in Zone,Total Hands
2026-04-06 14:32:26,WARNING,Tilted Down,Not Detected,Not Detected,0,0
2026-04-06 14:32:31,WARNING,Tilted Down,Outside Zones,Not Detected,0,1
2026-04-06 14:32:36,WARNING,Tilted Down,Outside Zones,Outside Zones,0,2
2026-04-06 14:32:41,WARNING,Tilted Down,Outside Zones,Outside Zones,0,2
2026-04-06 14:32:46,WARNING,Tilted Down,Outside Zones,Outside Zones,0,2
2026-04-06 14:32:51,WARNING,Tilted Down,Outside Zones,Not Detected,0,1
2026-04-06 14:32:56,WARNING,Tilted Down,Outside Zones,Not Detected,0,1
2026-04-06 14:52:32,WARNING,Tilted Down,Not Detected,Not Detected,0,0
2026-04-06 14:52:37,WARNING,Tilted Down,Outside Zones,Outside Zones,0,2
2026-04-06 14:52:42,WARNING,Tilted Down,Not Detected,Not Detected,0,0
2026-04-06 14:52:47,WARNING,Tilted Down,Not Detected,Not Detected,0,0
2026-04-06 14:57:51,WARNING,Tilted Down,Not Detected,Not Detected,0,0
2026-04-06 14:57:56,WARNING,No Face,Not Detected,Not Detected,0,0
2026-04-06 14:58:01,WARNING,Tilted Down,Not Detected,Not Detected,0,0
2026-04-06 14:58:06,WARNING,Tilted Down,Not Detected,Not Detected,0,0
2026-04-06 14:58:11,WARNING,Tilted Down,Not Detected,Not Detected,0,0
2026-04-06 14:58:16,WARNING,Tilted Down,Not Detected,Not Detected,0,0
2026-04-06 14:58:21,WARNING,Tilted Down,Not Detected,Not Detected,0,0
2026-04-06 14:58:26,WARNING,Tilted Down,Not Detected,Not Detected,0,0
2026-04-06 14:58:31,WARNING,Tilted Down,Not Detected,Not Detected,0,0
2026-04-06 14:58:36,WARNING,Tilted Down,Not Detected,Not Detected,0,0
2026-04-06 14:58:41,WARNING,Tilted Down,Not Detected,Not Detected,0,0
2026-04-06 14:58:46,WARNING,Tilted Down,Not Detected,Not Detected,0,0
2026-04-06 14:58:51,WARNING,Tilted Down,Not Detected,Not Detected,0,0
2026-04-06 14:58:57,WARNING,Tilted Down,Not Detected,Not Detected,0,0
2026-04-06 14:59:02,WARNING,Tilted Down,Not Detected,Not Detected,0,0
2026-04-06 14:59:07,WARNING,Tilted Down,Not Detected,Not Detected,0,0
2026-04-06 14:59:12,WARNING,Tilted Down,Not Detected,Not Detected,0,0
2026-04-06 14:59:17,WARNING,Tilted Down,Not Detected,Not Detected,0,0
2026-04-06 14:59:22,WARNING,Tilted Down,Not Detected,Not Detected,0,0
2026-04-06 14:59:27,WARNING,Tilted Down,Not Detected,Not Detected,0,0
2026-04-06 14:59:32,WARNING,Tilted Down,Not Detected,Not Detected,0,0
2026-04-06 14:59:37,WARNING,Tilted Down,Not Detected,Not Detected,0,0
2026-04-06 14:59:42,WARNING,Tilted Down,Not Detected,Outside Zones,0,1
2026-04-06 14:59:47,WARNING,Tilted Down,Not Detected,Not Detected,0,0
2026-04-06 14:59:52,WARNING,Tilted Down,Not Detected,Not Detected,0,0
2026-04-06 14:59:57,WARNING,Tilted Down,Not Detected,Not Detected,0,0
2026-04-06 15:00:02,WARNING,Tilted Down,Not Detected,Not Detected,0,0
2026-04-06 15:00:07,WARNING,Tilted Down,Not Detected,Not Detected,0,0
2026-04-06 15:00:12,WARNING,Tilted Down,Not Detected,Not Detected,0,0
2026-04-06 15:00:17,WARNING,Tilted Down,Not Detected,Not Detected,0,0
2026-04-06 15:00:22,WARNING,Tilted Down,Not Detected,Not Detected,0,0
2026-04-06 15:00:27,WARNING,Tilted Down,Outside Zones,Not Detected,0,1
2026-04-06 15:00:32,WARNING,Tilted Down,Outside Zones,Not Detected,0,1
2026-04-06 15:00:37,WARNING,Tilted Down,Not Detected,Not Detected,0,0
2026-04-06 15:00:42,WARNING,Tilted Down,Not Detected,Not Detected,0,0
2026-04-06 15:00:47,WARNING,Tilted Down,Not Detected,Not Detected,0,0
2026-04-06 15:00:53,WARNING,Tilted Down,Not Detected,Not Detected,0,0
2026-04-06 15:00:58,WARNING,Tilted Down,Not Detected,Not Detected,0,0
2026-04-06 15:01:03,WARNING,Tilted Down,Not Detected,Not Detected,0,0
2026-04-06 15:01:08,WARNING,Tilted Down,Not Detected,Outside Zones,0,1
2026-04-06 15:01:13,WARNING,Tilted Down,Not Detected,Not Detected,0,0
2026-04-06 15:01:18,WARNING,Tilted Down,Not Detected,Not Detected,0,0
2026-04-06 15:01:23,WARNING,Tilted Down,Not Detected,Not Detected,0,0
2026-04-06 15:01:28,WARNING,Tilted Down,Not Detected,Not Detected,0,0
2026-04-06 15:01:33,WARNING,Tilted Down,Not Detected,Not Detected,0,0
2026-04-06 15:01:38,WARNING,Tilted Down,Not Detected,Outside Zones,0,1
2026-04-06 15:01:43,WARNING,Tilted Down,Not Detected,Not Detected,0,0
2026-04-06 15:01:48,WARNING,Tilted Down,Not Detected,Not Detected,0,0
2026-04-06 15:01:53,WARNING,Tilted Down,Not Detected,Not Detected,0,0
2026-04-06 15:01:58,WARNING,Tilted Down,Outside Zones,Not Detected,0,1
2026-04-06 15:02:03,WARNING,Tilted Down,Not Detected,Not Detected,0,0
2026-04-06 15:02:08,WARNING,Tilted Down,Not Detected,Not Detected,0,0
2026-04-06 15:02:13,WARNING,Tilted Down,Not Detected,Not Detected,0,0
2026-04-06 15:15:42,WARNING,Tilted Down,Not Detected,Not Detected,0,0
2026-04-06 15:15:47,WARNING,No Face,Not Detected,Not Detected,0,0
2026-04-06 15:15:52,WARNING,No Face,Not Detected,Not Detected,0,0
2026-04-06 15:15:57,WARNING,Tilted Down,Not Detected,Not Detected,0,0
2026-04-06 15:16:02,WARNING,Tilted Down,Not Detected,Outside Safe Zone,0,1
2026-04-06 15:16:07,WARNING,Tilted Down,Not Detected,Outside Safe Zone,0,1
2026-04-06 15:16:12,WARNING,Tilted Down,Not Detected,Outside Safe Zone,0,1
2026-04-06 15:16:17,WARNING,Tilted Down,Not Detected,Outside Safe Zone,0,1
2026-04-06 15:16:22,WARNING,Tilted Down,Outside Safe Zone,Not Detected,0,1
2026-04-06 15:16:27,WARNING,Tilted Down,Outside Safe Zone,Not Detected,0,1
2026-04-06 15:16:32,WARNING,Tilted Down,Outside Safe Zone,HAND ZONE,0,2
2026-04-06 15:16:37,WARNING,Tilted Down,Outside Safe Zone,Outside Safe Zone,0,2
2026-04-06 15:16:42,WARNING,Tilted Down,Outside Safe Zone,HAND ZONE,0,2
2026-04-06 15:16:47,WARNING,Tilted Down,HAND ZONE,HAND ZONE,0,2
2026-04-06 15:16:52,WARNING,Tilted Down,Not Detected,HAND ZONE,0,1
2026-04-06 15:16:57,WARNING,Tilted Down,Outside Safe Zone,Outside Safe Zone,0,2
2026-04-06 15:17:02,WARNING,Tilted Down,Outside Safe Zone,Outside Safe Zone,0,2
2026-04-06 15:39:15,CRITICAL,Tilted Down,Not Detected,Not Detected,0,0
2026-04-06 15:39:24,WARNING,Forward,Outside Safe Zone,DANGER ZONE,0,2
2026-04-06 15:39:29,WARNING,No Face,Not Detected,Outside Safe Zone,0,1
2026-04-06 15:39:34,WARNING,No Face,Outside Safe Zone,Not Detected,0,1
2026-04-06 15:39:39,WARNING,Forward,Not Detected,DANGER ZONE,0,1
2026-04-06 15:39:45,WARNING,Forward,Outside Safe Zone,DANGER ZONE,0,2
2026-04-07 14:38:28,WARNING,No Face,Not Detected,Not Detected,0,0
2026-04-07 14:38:33,WARNING,No Face,Not Detected,Not Detected,0,0
2026-04-07 14:38:38,WARNING,No Face,Not Detected,Not Detected,0,0
2026-04-07 14:38:52,WARNING,No Face,Not Detected,Not Detected,0,0
2026-04-07 14:38:59,WARNING,No Face,Outside Safe Zone,Not Detected,0,1
2026-04-07 14:39:08,WARNING,No Face,Outside Safe Zone,Not Detected,0,1
2026-04-07 14:39:18,WARNING,No Face,Outside Safe Zone,Not Detected,0,1
2026-04-07 14:39:23,WARNING,No Face,Not Detected,Not Detected,0,0
2026-04-07 14:39:29,CRITICAL,Tilted Down,Not Detected,Not Detected,0,0
2026-04-07 14:39:34,CRITICAL,Tilted Down,Not Detected,Not Detected,0,0
2026-04-07 14:39:39,CRITICAL,Tilted Down,Not Detected,Not Detected,0,0
2026-04-07 14:39:45,CRITICAL,Tilted Down,Not Detected,Not Detected,0,0
2026-04-07 16:53:07,WARNING,No Face,Not Detected,Not Detected,0,0
2026-04-07 16:53:12,WARNING,No Face,Not Detected,Not Detected,0,0
2026-04-07 16:53:17,WARNING,No Face,Not Detected,Not Detected,0,0
2026-04-07 16:54:40,WARNING,Forward,DANGER ZONE,Outside Safe Zone,0,2
2026-04-07 16:54:54,WARNING,No Face,Not Detected,Not Detected,0,0
2026-04-07 16:55:14,WARNING,No Face,Not Detected,Not Detected,0,0
2026-04-07 16:55:32,WARNING,No Face,Not Detected,Not Detected,0,0
2026-04-07 16:55:37,WARNING,No Face,Not Detected,Not Detected,0,0
2026-04-07 16:55:43,CRITICAL,Tilted Down,Not Detected,Not Detected,0,0
2026-04-07 16:55:48,CRITICAL,Tilted Down,Not Detected,Not Detected,0,0
2026-04-07 16:55:53,CRITICAL,Tilted Down,Not Detected,Not Detected,0,0
2026-04-07 16:55:58,CRITICAL,Tilted Down,Not Detected,Not Detected,0,0
2026-04-07 16:56:03,CRITICAL,Tilted Down,Not Detected,Not Detected,0,0
2026-04-07 16:56:08,CRITICAL,Tilted Down,Not Detected,Not Detected,0,0
2026-04-07 16:56:46,WARNING,Forward,Not Detected,DANGER ZONE,0,1
2026-04-07 16:56:52,WARNING,No Face,Not Detected,Outside Safe Zone,0,1
2026-04-07 16:56:57,WARNING,No Face,Not Detected,Outside Safe Zone,0,1
2026-04-07 16:57:02,CRITICAL,Tilted Down,Not Detected,Outside Safe Zone,0,1
2026-04-07 17:15:23,WARNING,No Face,Not Detected,Not Detected,0,0
2026-04-11 12:20:41,WARNING,No Face,Not Detected,Not Detected,0,0
2026-04-11 12:21:36,WARNING,No Face,Not Detected,Not Detected,0,0
2026-04-11 12:21:41,WARNING,No Face,Not Detected,Not Detected,0,0
2026-04-11 12:21:47,WARNING,No Face,Not Detected,Not Detected,0,0
2026-04-11 12:22:07,WARNING,No Face,Not Detected,Not Detected,0,0
2026-04-11 12:22:12,WARNING,No Face,Not Detected,Not Detected,0,0
2026-04-11 12:22:17,WARNING,No Face,DANGER ZONE,Not Detected,0,1
2026-04-11 12:22:22,WARNING,No Face,Not Detected,Not Detected,0,0
2026-04-11 12:22:28,WARNING,No Face,Not Detected,Not Detected,0,0
2026-04-11 12:22:33,WARNING,No Face,Not Detected,Not Detected,0,0
2026-04-11 12:22:38,WARNING,No Face,Not Detected,Not Detected,0,0
2026-04-11 12:22:43,WARNING,No Face,Not Detected,Not Detected,0,0
2026-04-11 12:22:48,WARNING,No Face,Not Detected,Not Detected,0,0
2026-04-11 12:22:53,WARNING,No Face,Outside Safe Zone,Not Detected,0,1
2026-04-11 12:22:58,WARNING,No Face,Not Detected,Not Detected,0,0
2026-04-11 12:23:03,WARNING,No Face,Not Detected,Not Detected,0,0
2026-04-11 12:23:08,WARNING,No Face,Not Detected,Not Detected,0,0
2026-04-11 12:23:13,WARNING,No Face,Not Detected,Not Detected,0,0
2026-04-11 12:23:18,WARNING,No Face,Not Detected,Not Detected,0,0
2026-04-11 12:23:23,WARNING,No Face,Not Detected,Not Detected,0,0
2026-04-11 12:23:28,WARNING,No Face,Not Detected,Not Detected,0,0
2026-04-11 12:23:33,WARNING,No Face,Not Detected,Not Detected,0,0
2026-04-11 12:23:38,WARNING,No Face,Not Detected,Not Detected,0,0
2026-04-11 12:23:43,WARNING,No Face,Not Detected,Not Detected,0,0
2026-04-11 12:23:49,WARNING,No Face,Not Detected,Not Detected,0,0
2026-04-11 12:23:54,WARNING,No Face,DANGER ZONE,Not Detected,0,1
2026-04-11 12:23:59,WARNING,No Face,Not Detected,Not Detected,0,0
2026-04-11 12:24:04,WARNING,No Face,Not Detected,Not Detected,0,0
2026-04-11 12:24:09,WARNING,No Face,Not Detected,Not Detected,0,0
2026-04-11 12:24:14,WARNING,No Face,Not Detected,DANGER ZONE,0,1
2026-04-11 12:24:19,WARNING,No Face,HAND ZONE,HAND ZONE,0,2
2026-04-11 12:24:24,WARNING,No Face,Not Detected,Not Detected,0,0
2026-04-11 12:24:29,WARNING,No Face,Not Detected,Not Detected,0,0
2026-04-11 12:24:34,WARNING,No Face,Not Detected,Not Detected,0,0
2026-04-11 12:24:39,WARNING,No Face,Not Detected,Not Detected,0,0
2026-04-11 12:24:44,WARNING,No Face,Not Detected,Not Detected,0,0
2026-04-11 12:24:49,WARNING,No Face,Not Detected,Not Detected,0,0
2026-04-11 12:24:54,WARNING,No Face,Not Detected,Not Detected,0,0
2026-04-11 12:24:59,WARNING,No Face,Not Detected,Not Detected,0,0
2026-04-11 12:25:05,WARNING,No Face,Not Detected,Not Detected,0,0
2026-04-11 12:25:10,WARNING,No Face,Not Detected,Not Detected,0,0
2026-04-11 12:25:15,WARNING,No Face,Not Detected,Not Detected,0,0
2026-04-11 12:25:20,WARNING,No Face,Not Detected,Not Detected,0,0
2026-04-11 12:25:25,WARNING,No Face,Not Detected,Not Detected,0,0
2026-04-11 12:25:35,WARNING,No Face,Not Detected,Not Detected,0,0
2026-04-11 12:25:40,WARNING,No Face,Not Detected,Not Detected,0,0
2026-04-11 12:25:45,WARNING,No Face,Not Detected,Not Detected,0,0
2026-04-11 12:25:50,WARNING,No Face,Not Detected,Not Detected,0,0
2026-04-11 12:25:55,WARNING,No Face,Not Detected,Not Detected,0,0
2026-04-11 12:26:00,WARNING,No Face,Not Detected,Not Detected,0,0
2026-04-11 12:26:05,WARNING,No Face,Not Detected,Not Detected,0,0
2026-04-11 12:26:10,WARNING,No Face,Not Detected,Not Detected,0,0
2026-04-11 12:26:15,WARNING,No Face,Not Detected,Not Detected,0,0
2026-04-11 12:26:21,WARNING,No Face,Not Detected,Not Detected,0,0
2026-04-11 12:26:26,WARNING,No Face,Not Detected,Not Detected,0,0
2026-04-11 12:26:31,WARNING,No Face,Not Detected,Not Detected,0,0
2026-04-11 12:26:36,WARNING,No Face,Not Detected,Not Detected,0,0
2026-04-11 12:26:41,WARNING,No Face,Not Detected,Not Detected,0,0
2026-04-11 12:26:46,WARNING,No Face,Not Detected,Not Detected,0,0
2026-04-11 12:26:51,WARNING,No Face,Not Detected,Not Detected,0,0
2026-04-11 12:28:21,CRITICAL,Tilted Down,Not Detected,Not Detected,0,0
2026-04-11 12:30:13,WARNING,No Face,HAND ZONE,Not Detected,0,1
2026-04-11 12:30:47,CRITICAL,Tilted Down,Not Detected,Not Detected,0,0
2026-04-11 12:30:52,CRITICAL,Tilted Down,Not Detected,Not Detected,0,0
2026-04-11 12:30:57,CRITICAL,Tilted Down,Not Detected,Not Detected,0,0
2026-04-11 12:32:40,WARNING,No Face,Not Detected,Not Detected,0,0
2026-04-11 12:32:45,WARNING,No Face,Not Detected,Not Detected,0,0
2026-04-11 12:32:51,WARNING,No Face,Not Detected,Not Detected,0,0
2026-04-11 12:32:56,WARNING,No Face,Not Detected,Not Detected,0,0
2026-04-11 12:33:01,WARNING,No Face,Not Detected,Not Detected,0,0
2026-04-11 12:33:06,WARNING,No Face,Not Detected,Not Detected,0,0
2026-04-11 12:33:11,WARNING,No Face,Not Detected,Not Detected,0,0
2026-04-11 12:33:17,WARNING,No Face,Not Detected,Not Detected,0,0
2026-04-11 12:33:22,WARNING,No Face,Not Detected,Not Detected,0,0
2026-04-11 12:33:27,WARNING,No Face,Not Detected,Not Detected,0,0
2026-04-11 12:33:32,WARNING,No Face,Not Detected,Not Detected,0,0
2026-04-11 12:33:37,WARNING,No Face,Not Detected,Not Detected,0,0
2026-04-11 12:33:42,WARNING,No Face,Not Detected,Not Detected,0,0
2026-04-11 12:33:47,WARNING,No Face,Not Detected,Not Detected,0,0
2026-04-11 12:33:52,WARNING,No Face,Not Detected,Not Detected,0,0
2026-04-11 12:33:58,WARNING,No Face,Not Detected,Not Detected,0,0
2026-04-11 12:34:12,WARNING,No Face,Not Detected,Not Detected,0,0
2026-04-11 12:34:17,WARNING,No Face,Not Detected,Not Detected,0,0
2026-04-11 12:34:26,WARNING,No Face,Not Detected,Not Detected,0,0
2026-04-11 12:34:47,WARNING,No Face,Not Detected,Not Detected,0,0
2026-04-11 12:35:41,WARNING,No Face,Outside Safe Zone,Not Detected,0,1
2026-04-11 12:35:46,WARNING,No Face,Not Detected,Not Detected,0,0
2026-04-11 12:35:51,WARNING,No Face,Not Detected,Not Detected,0,0
2026-04-11 12:36:15,CRITICAL,Tilted Down,Not Detected,Not Detected,0,0
2026-04-11 12:36:41,WARNING,No Face,Not Detected,Not Detected,0,0
2026-04-11 12:36:48,WARNING,No Face,Not Detected,Not Detected,0,0
2026-04-11 12:36:56,WARNING,No Face,Not Detected,Not Detected,0,0
2026-04-11 12:37:05,CRITICAL,Tilted Down,Not Detected,Not Detected,0,0
2026-04-11 12:37:12,WARNING,No Face,Outside Safe Zone,Not Detected,0,1
2026-04-11 12:38:19,CRITICAL,Tilted Down,Not Detected,HAND ZONE,0,1
2026-04-11 12:39:08,CRITICAL,Tilted Down,Not Detected,Not Detected,0,0
2026-04-11 12:40:57,CRITICAL,Tilted Down,Not Detected,Not Detected,0,0
2026-04-11 12:41:13,CRITICAL,Tilted Down,Not Detected,Not Detected,0,0
2026-04-11 12:41:37,CRITICAL,Tilted Down,Not Detected,Not Detected,0,0
2026-04-11 12:43:59,CRITICAL,Tilted Down,Not Detected,Outside Safe Zone,0,1
2026-04-11 12:45:22,CRITICAL,Tilted Down,Not Detected,Outside Safe Zone,0,1
2026-04-11 12:45:27,CRITICAL,Tilted Down,Not Detected,Outside Safe Zone,0,1
2026-04-11 12:45:32,CRITICAL,Tilted Down,Not Detected,Outside Safe Zone,0,1
2026-04-11 12:45:37,CRITICAL,Tilted Down,Not Detected,Outside Safe Zone,0,1
2026-04-11 12:45:42,CRITICAL,Tilted Down,Not Detected,Outside Safe Zone,0,1
2026-04-11 12:45:47,CRITICAL,Tilted Down,Not Detected,Not Detected,0,0
2026-04-11 12:46:39,CRITICAL,Tilted Down,Not Detected,Not Detected,0,0
2026-04-11 12:48:25,CRITICAL,Tilted Down,Not Detected,Outside Safe Zone,0,1
2026-04-11 12:48:30,CRITICAL,Tilted Down,Not Detected,Outside Safe Zone,0,1
2026-04-11 12:48:35,CRITICAL,Tilted Down,Not Detected,Outside Safe Zone,0,1
2026-04-11 12:48:40,CRITICAL,Tilted Down,Not Detected,Outside Safe Zone,0,1
2026-04-11 12:48:46,CRITICAL,Tilted Down,Not Detected,Outside Safe Zone,0,1
2026-04-11 12:49:01,WARNING,No Face,Not Detected,Not Detected,0,0
2026-04-11 12:49:06,WARNING,No Face,Not Detected,Not Detected,0,0
2026-04-11 12:49:11,WARNING,No Face,Not Detected,Not Detected,0,0
2026-04-11 12:49:16,WARNING,No Face,Not Detected,Not Detected,0,0
2026-04-11 12:49:21,WARNING,No Face,Not Detected,Not Detected,0,0
2026-04-11 12:49:26,WARNING,No Face,Not Detected,Not Detected,0,0
2026-04-11 12:49:31,WARNING,No Face,Not Detected,Not Detected,0,0
2026-04-11 12:49:36,WARNING,No Face,Not Detected,Not Detected,0,0
2026-04-11 12:49:41,WARNING,No Face,Not Detected,Not Detected,0,0
2026-04-11 12:49:47,WARNING,No Face,Not Detected,Not Detected,0,0
2026-04-11 12:52:24,WARNING,Forward,DANGER ZONE,Not Detected,0,1
2026-04-11 12:52:29,WARNING,Forward,DANGER ZONE,Not Detected,0,1
2026-04-11 14:47:44,CRITICAL,Tilted Down,Outside Safe Zone,Outside Safe Zone,0,2
2026-04-11 14:47:49,CRITICAL,Tilted Down,HAND ZONE,Outside Safe Zone,0,2
2026-04-11 14:47:59,CRITICAL,Tilted Down,Not Detected,Outside Safe Zone,0,1
2026-04-11 15:12:39,CRITICAL,Tilted Down,Not Detected,HAND ZONE,0,1
2026-04-11 15:12:44,CRITICAL,Tilted Down,Not Detected,HAND ZONE,0,1
2026-04-11 15:12:50,CRITICAL,Tilted Down,Not Detected,HAND ZONE,0,1
2026-04-11 15:12:55,CRITICAL,Tilted Down,Not Detected,Not Detected,0,0
2026-04-11 15:13:02,CRITICAL,Tilted Down,Not Detected,Not Detected,0,0
2026-04-11 16:11:26,WARNING,No Face,Outside Safe Zone,Not Detected,0,1
2026-04-11 16:12:04,CRITICAL,Tilted Down,Not Detected,Not Detected,0,0
2026-04-11 16:12:09,WARNING,No Face,Not Detected,Not Detected,0,0
